startDate,endDate,distance_km,duration,pace,speed,calories_active,calories_basal,calories_total,calories_per_km,heart_rate_average,heart_rate_min,heart_rate_max,heart_rate_range,year,season,month,day,day_of_week
2024-03-09 17:03:18-03:00,2024-03-09 17:26:46-03:00,1.70326,23.46760859688123,13.7780542001111,4.354751340687583,83.9084,38.2454,122.15379999999999,71.71764733511031,106.047,82,124,42,2024,Spring,3,9,5
2024-03-16 14:36:43-03:00,2024-03-16 15:23:49-03:00,3.02969,45.8930836836497,15.14778201190541,3.960975933826019,187.335,76.057,263.392,86.93694734444779,106.438,74,124,50,2024,Spring,3,16,5
2024-04-10 15:43:45-03:00,2024-04-10 16:18:29-03:00,2.04477,34.72812933325768,16.98388050160051,3.532761549655615,138.458,57.4916,195.9496,95.82965321283078,114.246,91,145,54,2024,Spring,4,10,2
2024-04-19 15:20:36-03:00,2024-04-19 15:31:36-03:00,0.874417,10.99763963421186,12.5771109598874,4.770570935675133,46.1726,18.0958,64.2684,73.49857104790964,112.586,103,126,23,2024,Spring,4,19,4
2024-04-28 15:28:21-03:00,2024-04-28 15:45:51-03:00,1.212,17.5163525501887,14.45243609751543,4.151549233302946,69.022,28.9067,97.9287,80.79925742574258,109.611,92,124,32,2024,Spring,4,28,6
2024-05-12 06:09:25-03:00,2024-05-12 06:28:47-03:00,2.03249,19.36784838438034,9.529123579638936,6.296486712398522,132.655,32.0392,164.6942,81.03075537887024,150.577,115,162,47,2024,Spring,5,12,6
2024-05-28 12:46:21-03:00,2024-05-28 13:13:11-03:00,1.68689,26.82806296547254,15.903860337942925,3.7726689448381228,112.668,44.091,156.75900000000001,92.92781390606383,150.684,128,178,50,2024,Spring,5,28,1
2024-06-13 16:45:32-03:00,2024-06-13 17:02:13-03:00,1.50297,16.68721493283908,11.102826359035165,5.40402939393659,103.729,27.4807,131.2097,87.30027878134626,138.065,115,164,49,2024,Summer,6,13,3
2024-08-04 06:09:23-03:00,2024-08-04 06:33:09-03:00,2.465,23.77185292243957,9.643753721070821,6.22164374323505,156.245,38.7334,194.97840000000002,79.09874239350914,139.863,115,161,46,2024,Summer,8,4,6
2024-08-09 17:54:10-03:00,2024-08-09 18:13:22-03:00,0.626519,13.92644944985708,22.22829547045992,2.699262301949172,68.7094,22.9312,91.6406,146.2694666881611,130.456,93,160,67,2024,Summer,8,9,4
2024-08-10 12:32:20-03:00,2024-08-10 15:31:48-03:00,7.21462,139.973238247633,19.40133205181049,3.092571161597171,762.989,232.059,995.048,137.92105474716618,150.04,116,180,64,2024,Summer,8,10,5
2024-08-10 15:50:58-03:00,2024-08-10 16:21:15-03:00,2.01371,30.29496289690336,15.044352412662874,3.9882075581729812,163.271,49.5168,212.7878,105.66953533527668,146.729,111,166,55,2024,Summer,8,10,5
2024-08-11 12:03:47-03:00,2024-08-11 12:16:56-03:00,0.652431,13.14918809930484,20.154143655505088,2.977055290742211,57.417,21.6753,79.0923,121.22707228810403,112.243,98,131,33,2024,Summer,8,11,6
2024-08-11 12:52:22-03:00,2024-08-11 13:12:02-03:00,0.688687,19.67440498272578,28.56799240108464,2.1002525888981256,47.1295,32.5547,79.6842,115.70452179291898,100.239,82,115,33,2024,Summer,8,11,6
2024-08-11 14:56:38-03:00,2024-08-11 15:12:24-03:00,1.1429,15.7619932671388,13.791226937736285,4.350591885035611,91.4444,26.0302,117.47460000000001,102.78642050923091,128.086,104,158,54,2024,Summer,8,11,6
2024-08-11 15:57:24-03:00,2024-08-11 16:15:15-03:00,1.2352,17.84297333558401,14.445412350699488,4.153567827857446,73.6412,29.3193,102.9605,83.35532707253886,127.974,116,141,25,2024,Summer,8,11,6
2024-08-17 11:45:03-03:00,2024-08-17 12:04:27-03:00,1.57809,19.38776760101318,12.28559055631376,4.883770114670234,117.332,32.0028,149.3348,94.6300908059743,132.227,109,151,42,2024,Summer,8,17,5
2024-08-17 21:03:34-03:00,2024-08-17 21:22:53-03:00,1.32021,19.31396863460541,14.629467004950278,4.101311413443659,72.3444,31.5592,103.9036,78.70232765999347,98.575,82,113,31,2024,Summer,8,17,5
2024-09-16 08:07:33-03:00,2024-09-16 08:17:44-03:00,0.961187,10.17935561537743,10.590400843308773,5.665507933810569,53.072,16.7275,69.7995,72.6180233398912,123.154,105,131,26,2024,Fall,9,16,0
2024-09-18 08:26:26-03:00,2024-09-18 08:38:19-03:00,1.15302,11.88103548288345,10.304275279599183,5.822825805012255,58.268,18.8196,77.08760000000001,66.85712303342528,121.907,107,145,38,2024,Fall,9,18,2
2024-09-23 11:58:17-03:00,2024-09-23 12:10:14-03:00,1.12818,11.95864798426628,10.59994680305118,5.660405765690172,55.7632,18.9438,74.707,66.21904306050453,130.946,118,143,25,2024,Fall,9,23,0
2024-10-13 14:50:11-03:00,2024-10-13 15:49:18-03:00,3.52338,59.10949611663818,16.776361367958657,3.5764608715805686,206.634,97.1375,303.7715,86.21593469906738,122.065,99,159,60,2024,Fall,10,13,6
2024-11-08 19:46:26-03:00,2024-11-08 20:01:28-03:00,1.13309,15.02915221055349,13.263864486098624,4.523568531847097,51.7098,23.7215,75.4313,66.57132266633718,103.511,97,114,17,2024,Fall,11,8,4
2024-12-01 14:03:58-03:00,2024-12-01 14:43:16-03:00,2.79395,39.28785705169042,14.061760966262968,4.26689090676141,161.023,64.28,225.303,80.63959627051307,114.97,97,129,32,2024,Winter,12,1,6
2025-01-24 16:18:27-03:00,2025-01-24 16:47:33-03:00,2.1851,29.08996403415998,13.312875398910798,4.506915163114119,122.661,47.347,170.008,77.80330419660429,124.186,104,137,33,2025,Winter,1,24,4
2025-03-16 17:02:44-03:00,2025-03-16 17:34:21-03:00,2.02494,31.61743285059929,15.614009724040855,3.8427028713590548,102.366,52.3373,154.7033,76.39895503076634,109.943,93,130,37,2025,Spring,3,16,6
2025-04-28 17:14:04-03:00,2025-04-28 17:58:40-03:00,3.0208,44.60270911653836,14.76519766834559,4.063609668337266,160.055,73.09,233.145,77.17988612288136,123.465,98,147,49,2025,Spring,4,28,0
2025-05-05 16:51:46-03:00,2025-05-05 17:27:42-03:00,2.49531,35.9226983487606,14.396086397586112,4.1677993826197515,150.388,58.646,209.034,83.77075393438089,114.957,91,138,47,2025,Spring,5,5,0
2025-05-08 14:48:06-03:00,2025-05-08 17:01:26-03:00,8.30771,133.3390897611777,16.050041438757212,3.7383081052434917,493.007,220.174,713.181,85.84567829161105,132.665,96,160,64,2025,Spring,5,8,3
2025-05-13 15:23:27-03:00,2025-05-13 16:10:49-03:00,2.8186,47.38214551607768,16.810524911685828,3.5691925335592005,131.309,77.6573,208.9663,74.13833108635492,106.361,80,128,48,2025,Spring,5,13,1
2025-05-19 15:45:57-03:00,2025-05-19 17:07:38-03:00,4.36828,81.67277521689734,18.69678116258512,3.2091085346855537,278.605,134.552,413.15700000000004,94.58116237970094,110.841,84,142,58,2025,Spring,5,19,0
2025-06-12 14:20:30-03:00,2025-06-12 15:04:30-03:00,2.14168,44.00469854871432,20.54681303869594,2.920160897312962,148.871,72.065,220.936,103.1601359680251,129.393,104,151,47,2025,Summer,6,12,3
2025-06-14 10:30:01-03:00,2025-06-14 10:52:19-03:00,1.89129,22.30383058389028,11.792919427422703,5.087798688802945,125.802,36.068,161.87,85.58708606295176,130.894,118,156,38,2025,Summer,6,14,5
2025-06-18 14:02:58-03:00,2025-06-18 14:25:27-03:00,1.75519,22.47006665070852,12.802070801855367,4.686741772378292,114.009,36.3697,150.3787,85.67659341723689,148.738,124,164,40,2025,Summer,6,18,2
2025-06-20 20:11:18-03:00,2025-06-20 20:36:03-03:00,1.73515,24.75761113365491,14.268282934417721,4.205131078195048,97.942,40.2006,138.1426,79.61421202777858,113.308,90,136,46,2025,Summer,6,20,4
2025-07-04 15:52:26-03:00,2025-07-04 16:46:48-03:00,2.08788,54.36937501827876,26.040469288598366,2.3041059412193685,153.626,89.3289,242.9549,116.36439833706918,108.623,84,128,44,2025,Summer,7,4,4
2025-07-12 14:29:43-03:00,2025-07-12 14:44:52-03:00,0.699266,15.16295846501986,21.68410657034642,2.7670035565150544,62.879,24.9444,87.82339999999999,125.59369395909422,128.386,109,140,31,2025,Summer,7,12,5
2025-08-09 13:08:28-03:00,2025-08-09 13:42:18-03:00,2.08999,33.8306746661663,16.187003127367262,3.7066774824154063,128.509,56.0332,184.54219999999998,88.29812582835325,120.384,96,168,72,2025,Summer,8,9,5
2025-08-29 12:01:24-03:00,2025-08-29 12:32:53-03:00,1.98647,31.48485223253568,15.849648991696668,3.7855727929011467,126.884,52.0232,178.9072,90.06287535175461,111.466,94,131,37,2025,Summer,8,29,4
2025-08-30 13:21:59-03:00,2025-08-30 14:03:35-03:00,2.6017,41.60334955056508,15.990832744192288,3.7521498073195345,180.651,68.9259,249.57690000000002,95.92839297382481,107.814,82,124,42,2025,Summer,8,30,5
2025-09-20 12:52:35-03:00,2025-09-20 13:33:17-03:00,2.09523,40.69178968270619,19.42115647575979,3.0894143752401173,165.317,67.4792,232.7962,111.10770655250259,117.699,93,153,60,2025,Fall,9,20,5
2025-09-26 10:38:45-03:00,2025-09-26 11:04:01-03:00,1.85042,25.26912235021591,13.655884799243367,4.393710175654413,136.495,41.6215,178.1165,96.25733617232845,129.32,114,158,44,2025,Fall,9,26,4
2025-10-13 13:39:49-03:00,2025-10-13 14:44:56-03:00,3.96501,65.11228948434194,16.42172137884695,3.6536973570436313,301.209,107.955,409.164,103.19368677506488,114.795,77,136,59,2025,Fall,10,13,0
2025-10-14 08:23:57-03:00,2025-10-14 08:38:37-03:00,1.31431,14.66589625080426,11.158627911835303,5.37700517250526,72.8711,24.1056,96.9767,73.78525614200606,118.01,106,129,23,2025,Fall,10,14,1
2026-01-27 20:50:06-03:00,2026-01-27 21:11:34-03:00,1.78842,21.46869278550148,12.004279076224535,4.998217687127497,111.325,35.3745,146.6995,82.0274320349806,129.011,116,151,35,2026,Winter,1,27,1
2026-01-31 16:15:04-03:00,2026-01-31 16:55:33-03:00,2.29624,40.48320656816165,17.630215730133457,3.4032482028820765,174.544,67.0459,241.5899,105.21108420722572,110.174,93,131,38,2026,Winter,1,31,5
2026-02-14 13:49:40-03:00,2026-02-14 14:09:15-03:00,1.45244,19.58610009551048,13.484963300040265,4.4494003183398245,93.8905,32.1394,126.0299,86.77115750048195,120.275,99,149,50,2026,Winter,2,14,5
2026-02-17 15:00:46-03:00,2026-02-17 16:42:56-03:00,8.71724,102.1668001333872,11.720085730504977,5.119416476948827,628.103,169.344,797.4469999999999,91.47929849355987,136.247,105,155,50,2026,Winter,2,17,1
2026-02-18 12:10:45-03:00,2026-02-18 13:19:39-03:00,5.25718,68.90652195016543,13.107126244519957,4.5776624776987855,389.826,114.002,503.82800000000003,95.83617072270685,138.194,95,166,71,2026,Winter,2,18,2
2026-02-19 15:17:20-03:00,2026-02-19 17:33:22-03:00,11.5856,132.0733569820722,11.399785680678791,5.263256843652112,816.914,218.978,1035.892,89.41202872531419,136.46,102,169,67,2026,Winter,2,19,3
2026-02-20 15:52:53-03:00,2026-02-20 16:57:01-03:00,4.71048,64.1276403327783,13.613822865775527,4.4072851976675125,349.221,106.049,455.27,96.65044751278002,127.57,99,148,49,2026,Winter,2,20,4
2026-02-22 13:37:42-03:00,2026-02-22 14:02:28-03:00,1.68734,24.77880488236745,14.685128594336321,4.085766060171953,109.418,40.9305,150.3485,89.1038557729918,113.709,89,130,41,2026,Winter,2,22,6
2026-02-22 17:02:22-03:00,2026-02-22 17:23:13-03:00,1.55236,20.85618205070496,13.435145230941895,4.465898877059894,151.933,34.4206,186.3536,120.04535030534154,135.067,118,154,36,2026,Winter,2,22,6
2026-02-27 11:37:38-03:00,2026-02-27 12:10:09-03:00,2.59941,32.51475161711375,12.508512168959014,4.796733551484672,180.368,53.676,234.04399999999998,90.03735463047383,133.356,108,154,46,2026,Winter,2,27,4
2026-02-28 16:27:29-03:00,2026-02-28 17:22:35-03:00,3.84005,55.09530508319537,14.347548881706063,4.1818989776367586,245.916,91.2176,337.1336,87.79406518144295,110.587,97,139,42,2026,Winter,2,28,5
2026-03-01 13:21:44-03:00,2026-03-01 13:49:52-03:00,1.56366,28.13664249976476,17.99409238566233,3.33442769515888,113.844,46.292,160.136,102.4110100661269,114.832,93,133,40,2026,Spring,3,1,6
2026-03-04 11:47:50-03:00,2026-03-04 12:53:24-03:00,5.16574,65.56748806635538,12.692758068806285,4.727104989691403,404.096,108.514,512.61,99.23263656320295,140.505,101,169,68,2026,Spring,3,4,2
2026-03-06 14:40:28-03:00,2026-03-06 15:06:09-03:00,1.94945,25.69143114884695,13.178809997100181,4.552763110872847,103.976,42.4194,146.3954,75.0957449537049,111.749,83,130,47,2026,Spring,3,6,4
2026-03-09 13:01:53-03:00,2026-03-09 13:25:35-03:00,1.49196,23.69602324962616,15.882478920095819,3.777747812659336,97.621,38.9585,136.5795,91.54367409313923,115.458,104,129,25,2026,Spring,3,9,0
2026-03-11 10:05:05-03:00,2026-03-11 11:21:51-03:00,5.18976,76.77001900076866,14.792595226131587,4.056083404080989,375.038,127.234,502.272,96.7813540510544,116.625,87,139,52,2026,Spring,3,11,2
2026-03-12 15:50:04-03:00,2026-03-12 16:06:51-03:00,1.52595,16.77925909956296,10.99594292051703,5.456557971763171,101.374,27.6592,129.0332,84.55925816704348,126.995,112,149,37,2026,Spring,3,12,3
2026-03-14 10:25:58-03:00,2026-03-14 10:48:41-03:00,1.99153,22.71254216829936,11.404569435709911,5.26104912055061,143.629,37.583,181.212,90.99134836030589,136.066,116,161,45,2026,Spring,3,14,5
2026-04-01 10:28:53-03:00,2026-04-01 10:46:10-03:00,1.39065,17.28374574979146,12.428537554231086,4.827599364623073,88.0341,28.5204,116.55449999999999,83.81296516017689,109.594,92,120,28,2026,Spring,4,1,2
2026-04-09 12:07:59-03:00,2026-04-09 13:17:45-03:00,4.9543,69.76280391812324,14.081263532309961,4.260981257990653,337.012,115.64,452.652,91.36548049169409,116.973,88,140,52,2026,Spring,4,9,3
2026-04-12 16:27:14-03:00,2026-04-12 17:53:40-03:00,3.54893,86.42919456561407,24.353592368858802,2.4637022370762285,357.897,143.267,501.164,141.21552129796868,127.517,85,161,76,2026,Spring,4,12,6
2026-04-14 11:33:37-03:00,2026-04-14 12:32:33-03:00,5.17043,58.92752546668053,11.397026062954248,5.264531261802456,364.04,97.5606,461.6006,89.27702338103407,129.116,100,149,49,2026,Spring,4,14,1
2026-04-25 12:11:08-03:00,2026-04-25 12:41:54-03:00,2.60421,30.75709313352903,11.810527236101938,5.080213507877485,169.925,50.126,220.05100000000002,84.4981779503189,117.11,87,140,53,2026,Spring,4,25,5
2026-04-28 16:31:40-03:00,2026-04-28 17:14:39-03:00,3.85874,42.99426778356234,11.142048384592469,5.385006233052232,247.493,71.2542,318.7472,82.60395880520585,113.63,90,147,57,2026,Spring,4,28,1
2026-05-02 12:52:43-03:00,2026-05-02 13:42:20-03:00,3.73605,49.62012664874395,13.281440732523373,4.517582181658424,283.993,82.1871,366.1801,98.01263366389635,125.443,97,158,61,2026,Spring,5,2,5
2026-05-06 10:09:48-03:00,2026-05-06 10:31:51-03:00,1.97368,22.04096248348554,11.167444815514946,5.372759927735834,152.446,36.3638,188.8098,95.66383608285031,138.661,111,159,48,2026,Spring,5,6,2
2026-05-06 11:25:34-03:00,2026-05-06 11:42:37-03:00,1.25293,17.0463001092275,13.6051496166805,4.410094831036434,78.7809,26.9718,105.7527,84.4043162826335,123.236,106,150,44,2026,Spring,5,6,2
2026-05-07 15:03:38-03:00,2026-05-07 15:18:48-03:00,0.826255,15.16146028240522,18.349613959861326,3.2698235576642856,153.723,25.1157,178.83870000000002,216.44492317746946,140.956,115,155,40,2026,Spring,5,7,3
2026-05-08 19:10:54-03:00,2026-05-08 19:43:11-03:00,2.49185,32.27423306703567,12.951916474521207,4.632519065269684,189.609,53.4392,243.0482,97.5372514396934,114.791,97,138,41,2026,Spring,5,8,4
2026-05-13 14:56:54-03:00,2026-05-13 15:25:43-03:00,1.64424,28.81153538425763,17.522706772890594,3.424128519506249,102.244,47.6139,149.8579,91.14113511409528,104.171,81,127,46,2026,Spring,5,13,2
2026-05-16 12:53:20-03:00,2026-05-16 13:31:38-03:00,2.24803,38.29177998503049,17.033482642593956,3.5224740153821448,154.568,63.3082,217.8762,96.91872439424742,101.43,77,126,49,2026,Spring,5,16,5
2026-05-19 10:21:35-03:00,2026-05-19 11:01:39-03:00,3.51222,40.06145063241323,11.406304454849987,5.2602488595232835,250.115,66.3678,316.4828,90.10904783868892,123.022,102,149,47,2026,Spring,5,19,1
2026-05-21 19:33:49-03:00,2026-05-21 20:07:42-03:00,2.35571,33.88204139868419,14.382942466892862,4.171608148896515,138.423,55.9934,194.4164,82.52985299548756,101.885,85,126,41,2026,Spring,5,21,3
2026-05-23 12:59:50-03:00,2026-05-23 13:20:04-03:00,1.51423,20.22543235023817,13.356909023225118,4.492057248849374,85.6856,33.3691,119.0547,78.62392106879405,110.462,95,123,28,2026,Spring,5,23,5
2026-05-26 12:24:09-03:00,2026-05-26 13:15:35-03:00,5.06095,50.88485191663106,10.05440716004526,5.967532351229141,372.457,84.3048,456.7618,90.25218585443444,136.161,103,154,51,2026,Spring,5,26,1
2026-05-26 20:43:53-03:00,2026-05-26 21:17:56-03:00,2.34448,34.0574130833149,14.526638351922346,4.130343066746757,159.529,56.3624,215.8914,92.08498259742034,108.907,92,136,44,2026,Spring,5,26,1
2026-05-28 08:44:21-03:00,2026-05-28 09:04:06-03:00,1.38171,19.75095174908638,14.29457103812405,4.1973977281289665,88.0396,32.4497,120.48929999999999,87.20303102677117,116.215,101,137,36,2026,Spring,5,28,3
2026-05-29 10:01:27-03:00,2026-05-29 10:55:48-03:00,4.12371,46.83391408324242,11.35722785628534,5.282979329044163,333.901,77.5891,411.4901,99.78638168057404,128.094,109,153,44,2026,Spring,5,29,4
2026-05-30 16:20:21-03:00,2026-05-30 16:51:39-03:00,2.32828,31.30075028340022,13.443722526242643,4.4630495670286106,152.993,51.8499,204.8429,87.98035459652618,100.113,82,126,44,2026,Spring,5,30,5
2026-06-03 11:21:42-03:00,2026-06-03 12:16:45-03:00,4.67829,55.05301018158595,11.767763473744884,5.0986748785243945,366.26,91.0167,457.2767,97.74441088517386,134.025,111,155,44,2026,Summer,6,3,2
2026-06-10 10:31:44-03:00,2026-06-10 11:26:51-03:00,4.66356,49.99259565075238,10.719835415595034,5.5971008577905055,352.561,82.8474,435.4084,93.36395371776067,139.584,104,163,59,2026,Summer,6,10,2
2026-06-12 18:53:27-03:00,2026-06-12 19:24:05-03:00,1.90755,30.62697181502978,16.05565873242105,3.7370002065902486,234.138,50.7754,284.9134,149.36090797095753,130.705,97,143,46,2026,Summer,6,12,4
2026-06-13 17:04:26-03:00,2026-06-13 17:58:45-03:00,4.4653,54.32586846550306,12.16623036873291,4.9316837000061575,504.339,90.0257,594.3647,133.10745078718114,136.101,100,157,57,2026,Summer,6,13,5
2026-06-14 07:05:21-03:00,2026-06-14 07:20:14-03:00,1.38383,14.89519800146421,10.763748438366138,5.574266283122795,100.336,24.495,124.831,90.20688957458648,108.912,96,123,27,2026,Summer,6,14,6
2026-06-15 10:08:54-03:00,2026-06-15 10:55:11-03:00,3.89148,40.48821954925855,10.404324202940412,5.766832984985526,275.892,67.0928,342.9848,88.13736676020434,116.15,95,134,39,2026,Summer,6,15,0
2026-06-18 09:33:53-03:00,2026-06-18 10:17:39-03:00,3.88897,41.09346006512642,10.56666934050055,5.67823200164204,271.037,68.106,339.143,87.20638112405084,118.49,93,139,46,2026,Summer,6,18,3
2026-06-23 15:27:44-03:00,2026-06-23 15:43:44-03:00,1.37267,16.00261864860853,11.658023158230694,5.146670167457965,137.034,26.4371,163.47109999999998,119.08987593522112,142.357,115,157,42,2026,Summer,6,23,1
2026-06-25 11:04:31-03:00,2026-06-25 11:26:14-03:00,1.96431,21.73176156679789,11.063305469502211,5.423333936263416,144.438,35.9295,180.36749999999998,91.8223192876888,131.946,111,158,47,2026,Summer,6,25,3
2026-07-04 11:47:00-03:00,2026-07-04 12:38:04-03:00,3.05684,51.07946231563886,16.70989070924185,3.5906877575695573,239.893,84.6349,324.5279,106.16450321246778,114.603,94,137,43,2026,Summer,7,4,5
2026-07-07 18:14:39-03:00,2026-07-07 19:34:31-03:00,3.57636,79.86411483287812,22.331117346373997,2.6868337606824886,282.34,132.401,414.741,115.9673522799718,107.692,85,130,45,2026,Summer,7,7,1
2026-07-14 16:00:14-03:00,2026-07-14 16:26:09-03:00,1.27789,25.90669696529706,20.273025820138713,2.959597670930677,105.016,42.6418,147.6578,115.54813012074592,100.433,76,126,50,2026,Summer,7,14,1
2026-07-20 20:52:42-03:00,2026-07-20 21:39:20-03:00,2.07331,46.63503551681836,22.493035540666064,2.667492339641023,215.838,77.2642,293.1022,141.36921155061228,125.365,103,148,45,2026,Summer,7,20,0
2026-07-28 14:03:23-03:00,2026-07-28 14:45:13-03:00,2.79541,41.83182187875112,14.964467422936572,4.009497852762596,207.069,68.95,276.019,98.74007748416155,113.772,98,131,33,2026,Summer,7,28,1
2026-08-05 10:20:16-03:00,2026-08-05 11:23:01-03:00,4.85552,62.75013166666031,12.923462711853787,4.642718545159433,377.904,103.97,481.874,99.2425116156457,124.581,102,158,56,2026,Summer,8,5,2
2026-08-07 09:04:13-03:00,2026-08-07 09:33:15-03:00,1.68004,29.03411430120468,17.281799422159402,3.471860686165912,129.755,47.8094,177.56439999999998,105.69057879574295,128.126,110,157,47,2026,Summer,8,7,4
2026-08-07 10:44:59-03:00,2026-08-07 11:05:44-03:00,1.46638,20.74588433305422,14.147686365781189,4.2409761178422185,108.153,34.1226,142.2756,97.02505489709353,124.25,109,136,27,2026,Summer,8,7,4
2026-08-11 11:39:40-03:00,2026-08-11 12:44:24-03:00,4.59956,64.73358748356502,14.073865213969382,4.263221161194967,311.773,107.252,419.02500000000003,91.10110532311786,107.597,83,128,45,2026,Summer,8,11,1
2026-08-15 11:28:05-03:00,2026-08-15 13:59:35-03:00,7.08456,151.4920483330885,21.383409602443695,2.8059136085174745,663.703,251.127,914.8299999999999,129.13010829183463,136.855,101,166,65,2026,Summer,8,15,5
2026-09-07 12:16:51-03:00,2026-09-07 13:34:16-03:00,3.38689,77.40915365020435,22.855526353145315,2.625185658511118,241.036,128.347,369.38300000000004,109.0625913448621,101.805,76,139,63,2026,Fall,9,7,0
2026-09-11 13:11:33-03:00,2026-09-11 13:36:37-03:00,1.72594,25.06735521753629,14.523885660878298,4.131125884694664,116.809,41.3693,158.1783,91.64762390349607,114.43,98,135,37,2026,Fall,9,11,4
2026-09-12 13:51:44-03:00,2026-09-12 14:13:14-03:00,2.0121,21.50653606653214,10.688601991219192,5.613456282616818,81.5524,35.6172,117.1696,58.232493414840214,105.031,82,122,40,2026,Fall,9,12,5
2026-09-26 11:46:35-03:00,2026-09-26 13:10:21-03:00,4.90754,83.7705994784832,17.06977415945325,3.5149849927435604,351.708,138.722,490.43000000000006,99.9339791422994,106.949,90,136,46,2026,Fall,9,26,5
